"id_piloto","nombre_completo","nacionalidad","debut","ultima_temporada","carreras","victorias","porcentaje_victorias","podios","poles"
1,"Lewis Hamilton","British",2007,2024,"356","105","29.49","220","104"
30,"Michael Schumacher","German",1991,2012,"308","91","29.55","176","68"
830,"Max Verstappen","Dutch",2015,2024,"209","63","30.14","122","40"
20,"Sebastian Vettel","German",2007,2022,"300","53","17.67","173","57"
117,"Alain Prost","French",1980,1993,"202","51","25.25","111","33"
102,"Ayrton Senna","Brazilian",1984,1994,"162","41","25.31","86","65"
4,"Fernando Alonso","Spanish",2001,2024,"404","32","7.92","183","22"
95,"Nigel Mansell","British",1980,1995,"192","31","16.15","68","32"
328,"Jackie Stewart","British",1965,1973,"100","27","27.00","46","17"
373,"Jim Clark","British",1960,1968,"73","25","34.25","38","34"
182,"Niki Lauda","Austrian",1971,1985,"174","25","14.37","65","24"
579,"Juan Fangio","Argentine",1950,1958,"58","24","41.38","36","29"
137,"Nelson Piquet","Brazilian",1978,1991,"207","23","11.11","67","24"
3,"Nico Rosberg","German",2006,2016,"206","23","11.17","99","30"
71,"Damon Hill","British",1992,1999,"122","22","18.03","51","20"
8,"Kimi Räikkönen","Finnish",2001,2021,"352","21","5.97","170","18"
57,"Mika Häkkinen","Finnish",1991,2001,"165","20","12.12","59","26"
475,"Stirling Moss","British",1951,1961,"73","16","21.92","26","17"
18,"Jenson Button","British",2000,2017,"309","15","4.85","126","8"
356,"Jack Brabham","Australian",1955,1970,"129","14","10.85","39","13"
224,"Emerson Fittipaldi","Brazilian",1970,1980,"149","14","9.40","55","6"
289,"Graham Hill","British",1958,1975,"179","14","7.82","58","13"
14,"David Coulthard","British",1994,2008,"247","13","5.26","93","12"
647,"Alberto Ascari","Italian",1950,1955,"36","13","36.11","17","14"
199,"Carlos Reutemann","Argentine",1972,1982,"146","12","8.22","59","6"
207,"Mario Andretti","American",1968,1982,"129","12","9.30","30","18"
178,"Alan Jones","Australian",1975,1986,"117","12","10.26","42","6"
13,"Felipe Massa","Brazilian",2002,2017,"271","11","4.06","100","16"
35,"Jacques Villeneuve","Canadian",1996,2006,"165","11","6.67","54","13"
22,"Rubens Barrichello","Brazilian",1993,2011,"326","11","3.37","145","14"
231,"James Hunt","British",1973,1979,"93","10","10.75","26","14"
222,"Jody Scheckter","South African",1972,1980,"113","10","8.85","45","3"
822,"Valtteri Bottas","Finnish",2013,2024,"247","10","4.05","148","20"
77,"Gerhard Berger","Austrian",1984,1997,"210","10","4.76","66","12"
238,"Ronnie Peterson","Swedish",1970,1978,"123","10","8.13","42","14"
17,"Mark Webber","Australian",2002,2013,"217","9","4.15","78","13"
844,"Charles Leclerc","Monegasque",2018,2024,"149","8","5.37","62","26"
235,"Jacky Ickx","Belgian",1967,1979,"121","8","6.61","39","13"
817,"Daniel Ricciardo","Australian",2011,2024,"257","8","3.11","126","3"
304,"Denny Hulme","New Zealander",1965,1974,"112","8","7.14","39","1"
31,"Juan Pablo Montoya","Colombian",2001,2006,"95","7","7.37","34","13"
163,"René Arnoux","French",1978,1989,"164","7","4.27","44","18"
815,"Sergio Pérez","Mexican",2011,2024,"283","6","2.12","126","3"
479,"Tony Brooks","British",1956,1961,"41","6","14.63","12","4"
341,"John Surtees","British",1960,1972,"112","6","5.36","28","8"
203,"Gilles Villeneuve","Canadian",1977,1982,"68","6","8.82","20","2"
172,"Jacques Laffite","French",1974,1986,"180","6","3.33","47","7"
23,"Ralf Schumacher","German",1997,2007,"180","6","3.33","47","6"
358,"Jochen Rindt","Austrian",1964,1970,"62","6","9.68","16","10"
119,"Riccardo Patrese","Italian",1977,1993,"257","6","2.33","64","8"
642,"Nino Farina","Italian",1950,1955,"37","5","13.51","20","6"
187,"John Watson","British",1973,1985,"154","5","3.25","41","2"
105,"Michele Alboreto","Italian",1981,1994,"215","5","2.33","58","2"
223,"Clay Regazzoni","Swiss",1970,1980,"138","5","3.62","43","5"
177,"Keke Rosberg","Finnish",1978,1986,"128","5","3.91","28","5"
846,"Lando Norris","British",2019,2024,"128","4","3.13","54","9"
832,"Carlos Sainz","Spanish",2015,2024,"208","4","1.92","68","6"
364,"Dan Gurney","American",1959,1970,"87","4","4.60","27","3"
56,"Eddie Irvine","British",1993,2002,"147","4","2.72","40","0"
360,"Bruce McLaren","New Zealander",1958,1970,"103","4","3.88","33","0"
202,"Didier Pironi","French",1978,1982,"72","3","4.17","21","4"
123,"Thierry Boutsen","Belgian",1983,1993,"164","3","1.83","42","1"
403,"Phil Hill","American",1958,1966,"52","3","5.77","19","6"
65,"Johnny Herbert","British",1989,2000,"165","3","1.82","37","0"
49,"Heinz-Harald Frentzen","German",1994,2003,"159","3","1.89","35","2"
847,"George Russell","British",2019,2024,"128","3","2.34","64","6"
21,"Giancarlo Fisichella","Italian",1996,2009,"231","3","1.30","76","4"
578,"Mike Hawthorn","British",1952,1958,"48","3","6.25","20","4"
581,"Peter Collins","British",1952,1958,"37","3","8.11","10","0"
857,"Oscar Piastri","Australian",2023,2024,"46","2","4.35","22","0"
173,"Elio de Angelis","Italian",1979,1986,"110","2","1.82","16","3"
657,"Bill Vukovich","American",1951,1955,"5","2","40.00","3","1"
345,"Pedro Rodríguez","Mexican",1963,1971,"54","2","3.70","9","0"
221,"Patrick Depailler","French",1972,1980,"95","2","2.11","25","1"
498,"José Froilán González","Argentine",1950,1960,"29","2","6.90","16","3"
427,"Maurice Trintignant","French",1950,1964,"87","2","2.30","15","1"
346,"Jo Siffert","Swiss",1962,1971,"100","2","2.00","16","2"
476,"Wolfgang von Trips","German",1956,1961,"28","2","7.14","7","1"
175,"Patrick Tambay","French",1977,1986,"122","2","1.64","21","5"
219,"Jean-Pierre Jabouille","French",1974,1981,"55","2","3.64","9","6"
309,"Peter Revson","American",1964,1974,"31","2","6.45","11","1"
628,"Bob Sweikert","American",1952,1956,"5","1","20.00","2","0"
449,"Rodger Ward","American",1951,1963,"12","1","8.33","3","0"
786,"Luigi Fagioli","Italian",1950,1951,"8","1","12.50","7","1"
347,"Jo Bonnier","Swedish",1956,1971,"109","1","0.92","10","1"
641,"Piero Taruffi","Italian",1950,1956,"18","1","5.56","5","0"
250,"Carlos Pace","Brazilian",1972,1977,"73","1","1.37","16","1"
375,"Ludovico Scarfiotti","Italian",1963,1968,"13","1","7.69","1","0"
200,"Jochen Mass","German",1973,1982,"114","1","0.88","27","0"
611,"Sam Hanks","American",1950,1957,"9","1","11.11","5","0"
394,"Giancarlo Baghetti","Italian",1961,1967,"26","1","3.85","5","0"
15,"Jarno Trulli","Italian",1997,2011,"256","1","0.39","84","4"
404,"Innes Ireland","British",1959,1966,"55","1","1.82","11","0"
9,"Robert Kubica","Polish",2006,2021,"99","1","1.01","47","1"
386,"Richie Ginther","American",1960,1967,"54","1","1.85","18","0"
327,"François Cevert","French",1970,1973,"47","1","2.13","17","0"
145,"Alessandro Nannini","Italian",1986,1990,"77","1","1.30","17","0"
230,"Vittorio Brambilla","Italian",1974,1980,"78","1","1.28","17","1"
577,"Luigi Musso","Italian",1953,1958,"26","1","3.85","7","0"
526,"Troy Ruttman","American",1950,1960,"9","1","11.11","4","0"
525,"Jimmy Bryan","American",1952,1960,"9","1","11.11","6","0"
766,"Lee Wallard","American",1950,1951,"2","1","50.00","1","0"
320,"Peter Gethin","British",1970,1974,"30","1","3.33","6","0"
839,"Esteban Ocon","French",2016,2024,"156","1","0.64","66","0"
44,"Olivier Panis","French",1994,2004,"158","1","0.63","44","0"
55,"Jean Alesi","French",1989,2001,"202","1","0.50","54","2"
5,"Heikki Kovalainen","Finnish",2007,2013,"112","1","0.89","62","1"
255,"Gunnar Nilsson","Swedish",1976,1977,"32","1","3.13","8","0"
385,"Lorenzo Bandini","Italian",1961,1967,"44","1","2.27","12","1"
559,"Pat Flaherty","American",1950,1959,"6","1","16.67","3","1"
842,"Pierre Gasly","French",2017,2024,"154","1","0.65","80","0"
593,"Johnnie Parsons","American",1950,1958,"10","1","10.00","5","0"
813,"Pastor Maldonado","Venezuelan",2011,2015,"96","1","1.04","57","1"
509,"Jim Rathmann","American",1950,1960,"12","1","8.33","7","0"
306,"Jean-Pierre Beltoise","French",1967,1974,"87","1","1.15","16","0"
414,"Clive Puzey","Rhodesian",1965,1965,"1","0","0.00","0","0"
2,"Nick Heidfeld","German",2000,2011,"184","0","0.00","64","1"
699,"Duke Nalon","American",1951,1953,"3","0","0.00","1","1"
640,"Toulo de Graffenried","Swiss",1950,1956,"23","0","0.00","1","0"
368,"Sam Tingle","Rhodesian",1962,1969,"6","0","0.00","1","0"
246,"Hans Binder","Austrian",1976,1978,"15","0","0.00","4","0"
75,"Shinji Nakano","Japanese",1997,1998,"33","0","0.00","10","0"
128,"Eric van de Poele","Belgian",1991,1992,"29","0","0.00","2","0"
735,"Charles de Tornaco","Belgian",1952,1952,"3","0","0.00","0","0"
714,"Kurt Adolff","German",1953,1953,"1","0","0.00","0","0"
538,"Al Herman","American",1955,1960,"5","0","0.00","1","0"
166,"Philippe Streiff","French",1984,1988,"54","0","0.00","13","0"
344,"Sam Posey","American",1971,1972,"2","0","0.00","1","0"
595,"Billy Garrett","American",1956,1958,"2","0","0.00","1","0"
745,"Graham Whitehead","British",1952,1952,"1","0","0.00","1","0"
142,"Pedro Chaves","Portuguese",1991,1991,"13","0","0.00","0","0"
534,"Gene Force","American",1951,1960,"2","0","0.00","1","0"
410,"Neville Lederle","South African",1962,1965,"3","0","0.00","0","0"
152,"Bruno Giacomelli","Italian",1977,1990,"82","0","0.00","14","1"
428,"Bernard Collomb","French",1961,1964,"6","0","0.00","1","0"
637,"Archie Scott Brown","British",1956,1956,"1","0","0.00","0","0"
355,"John Cannon","Canadian",1971,1971,"1","0","0.00","1","0"
792,"Alfredo Pián","Argentine",1950,1950,"1","0","0.00","0","0"
747,"David Murray","British",1950,1952,"4","0","0.00","0","0"
651,"Lance Macklin","British",1952,1955,"15","0","0.00","2","0"
381,"Bobby Unser","American",1968,1968,"1","0","0.00","0","0"
38,"Robert Doornbos","Dutch",2005,2006,"11","0","0.00","9","0"
359,"Johnny Servoz-Gavin","French",1967,1970,"12","0","0.00","1","0"
597,"Pat O'Connor","American",1954,1958,"5","0","0.00","1","1"
193,"Danny Sullivan","American",1983,1983,"15","0","0.00","4","0"
777,"Philip Fotheringham-Parker","British",1951,1951,"1","0","0.00","0","0"
164,"Joachim Winkelhock","German",1989,1989,"7","0","0.00","0","0"
730,"George Fonder","American",1952,1954,"3","0","0.00","2","0"
548,"Bob Drake","American",1960,1960,"1","0","0.00","1","0"
453,"Jackie Lewis","British",1961,1962,"11","0","0.00","1","0"
217,"Ricardo Zunino","Argentine",1979,1981,"11","0","0.00","3","0"
787,"Cuth Harrison","British",1950,1950,"3","0","0.00","0","0"
186,"Kenny Acheson","British",1983,1985,"9","0","0.00","1","0"
709,"Ernst Klodwig","East German",1952,1953,"2","0","0.00","2","0"
47,"Zsolt Baumgartner","Hungarian",2003,2004,"20","0","0.00","10","0"
501,"Harry Schell","American",1950,1960,"64","0","0.00","6","0"
750,"Adolf Brudes","German",1952,1952,"1","0","0.00","0","0"
727,"Jim Rigsby","American",1952,1952,"1","0","0.00","1","0"
545,"Fred Gamble","American",1960,1960,"1","0","0.00","1","0"
810,"Lucas di Grassi","Brazilian",2010,2010,"19","0","0.00","10","0"
779,"John James","British",1951,1951,"1","0","0.00","0","0"
528,"Don Freeland","American",1953,1960,"8","0","0.00","3","0"
110,"Andrea de Cesaris","Italian",1980,1994,"214","0","0.00","34","1"
27,"Christijan Albers","Dutch",2005,2007,"46","0","0.00","27","0"
811,"Bruno Senna","Brazilian",2010,2012,"46","0","0.00","29","0"
563,"Chuck Weyant","American",1955,1959,"4","0","0.00","2","0"
557,"Chuck Arnold","American",1959,1959,"1","0","0.00","1","0"
143,"Michael Bartels","German",1991,1991,"4","0","0.00","0","0"
496,"Carlos Menditeguy","Argentine",1953,1960,"12","0","0.00","1","0"
58,"Tarso Marques","Brazilian",1996,2001,"26","0","0.00","8","0"
718,"Ernst Loof","German",1953,1953,"1","0","0.00","0","0"
228,"Desiré Wilson","South African",1980,1980,"1","0","0.00","0","0"
667,"John Fitch","American",1953,1955,"2","0","0.00","0","0"
623,"Alberto Uria","Uruguayan",1955,1956,"2","0","0.00","0","0"
485,"Juan Manuel Bordeu","Argentine",1961,1961,"1","0","0.00","0","0"
814,"Paul di Resta","British",2011,2017,"59","0","0.00","31","0"
668,"Jean Lucas","French",1955,1955,"1","0","0.00","0","0"
850,"Pietro Fittipaldi","Brazilian",2020,2020,"2","0","0.00","2","0"
294,"Tony Brise","British",1975,1975,"10","0","0.00","2","0"
229,"Harald Ertl","Austrian",1975,1980,"29","0","0.00","5","0"
481,"Henry Taylor","British",1959,1961,"10","0","0.00","4","0"
788,"Joe Fry","British",1950,1950,"1","0","0.00","1","0"
645,"Clemar Bucci","Argentine",1954,1955,"5","0","0.00","0","0"
52,"Ralph Firman","Irish",2003,2003,"14","0","0.00","7","0"
607,"Cesare Perdisa","Italian",1955,1957,"9","0","0.00","2","0"
633,"Luigi Villoresi","Italian",1950,1956,"35","0","0.00","8","1"
438,"Tony Settember","American",1962,1963,"10","0","0.00","1","0"
382,"Moisés Solana","Mexican",1963,1968,"8","0","0.00","3","0"
258,"Patrick Nève","Belgian",1976,1977,"13","0","0.00","6","0"
853,"Nikita Mazepin","Russian",2021,2021,"22","0","0.00","16","0"
378,"Robin Widdows","British",1968,1968,"1","0","0.00","0","0"
483,"Giorgio Scarlatti","Italian",1956,1961,"15","0","0.00","2","0"
450,"Ernie de Vos","Dutch",1963,1963,"1","0","0.00","0","0"
405,"Ronnie Bucknum","American",1964,1966,"11","0","0.00","2","0"
84,"Martin Brundle","British",1984,1996,"165","0","0.00","30","0"
170,"Teo Fabi","Italian",1982,1987,"71","0","0.00","6","3"
762,"Franco Rol","Italian",1950,1952,"5","0","0.00","0","0"
712,"Willi Heeks","German",1952,1953,"2","0","0.00","0","0"
799,"Jimmy Jackson","American",1950,1954,"2","0","0.00","1","0"
192,"Chico Serra","Brazilian",1981,1983,"32","0","0.00","5","0"
276,"Bob Evans","British",1975,1976,"12","0","0.00","4","0"
513,"Eddie Johnson","American",1952,1960,"9","0","0.00","3","0"
101,"David Brabham","Australian",1990,1994,"30","0","0.00","7","0"
473,"Gary Hocking","Rhodesian",1962,1962,"1","0","0.00","0","0"
646,"Jesús Iglesias","Argentine",1955,1955,"1","0","0.00","0","0"
69,"Luca Badoer","Italian",1993,2009,"58","0","0.00","20","0"
379,"Kurt Ahrens","German",1967,1968,"2","0","0.00","1","0"
679,"Ernie McCoy","American",1953,1954,"2","0","0.00","1","0"
115,"Hideki Noda","Japanese",1994,1994,"3","0","0.00","0","0"
415,"Ray Reed","South African",1965,1965,"1","0","0.00","0","0"
97,"Massimiliano Papis","Italian",1995,1995,"7","0","0.00","1","0"
108,"Paul Belmondo","French",1992,1994,"27","0","0.00","4","0"
729,"Bill Schindler","American",1950,1952,"3","0","0.00","1","0"
680,"Jacques Swaters","American",1951,1954,"7","0","0.00","1","0"
408,"Tony Maggs","South African",1961,1965,"27","0","0.00","6","0"
59,"Enrique Bernoldi","Brazilian",2001,2002,"29","0","0.00","7","0"
782,"Juan Jover","Spanish",1951,1951,"1","0","0.00","0","0"
589,"Louis Chiron","Monegasque",1950,1958,"17","0","0.00","3","0"
689,"Alan Brown","British",1952,1954,"9","0","0.00","3","0"
127,"Maurício Gugelmin","Brazilian",1988,1992,"80","0","0.00","14","0"
555,"Paul Russo","American",1950,1959,"9","0","0.00","1","0"
522,"Bobby Grim","American",1959,1960,"2","0","0.00","1","0"
682,"Don Beauman","British",1954,1954,"1","0","0.00","1","0"
674,"Larry Crockett","American",1954,1954,"1","0","0.00","0","0"
567,"Fritz d'Orey","Brazilian",1959,1959,"3","0","0.00","1","0"
329,"Mike Beuttler","British",1971,1973,"29","0","0.00","10","0"
630,"Duke Dinsmore","American",1950,1956,"4","0","0.00","2","0"
11,"Takuma Sato","Japanese",2002,2008,"91","0","0.00","41","0"
575,"Bob Said","American",1959,1959,"1","0","0.00","0","0"
821,"Esteban Gutiérrez","Mexican",2013,2016,"59","0","0.00","45","0"
401,"Trevor Taylor","British",1959,1966,"29","0","0.00","5","0"
816,"Jérôme d'Ambrosio","Belgian",2011,2012,"20","0","0.00","17","0"
659,"Jerry Hoyt","American",1950,1955,"5","0","0.00","1","1"
739,"Robin Montgomerie-Charrington","British",1952,1952,"1","0","0.00","0","0"
676,"Frank Armi","American",1954,1954,"1","0","0.00","1","0"
153,"Jaime Alguersuari","Spanish",2009,2011,"46","0","0.00","29","0"
778,"Brian Shawe Taylor","British",1950,1951,"2","0","0.00","1","0"
507,"Chuck Daigh","American",1960,1960,"6","0","0.00","1","0"
279,"Emilio Zapico","Spanish",1976,1976,"1","0","0.00","0","0"
214,"Kevin Cogan","American",1980,1981,"2","0","0.00","0","0"
419,"John Rhodes","British",1965,1965,"1","0","0.00","0","0"
741,"Philippe Étancelin","French",1950,1952,"12","0","0.00","1","0"
716,"Erwin Bauer","German",1953,1953,"1","0","0.00","0","0"
664,"Kenneth McAlpine","British",1952,1955,"7","0","0.00","2","0"
543,"Giulio Cabianca","Italian",1958,1960,"4","0","0.00","1","0"
736,"Roger Laurent","Belgian",1952,1952,"2","0","0.00","1","0"
565,"Mike Magill","American",1957,1959,"3","0","0.00","0","0"
566,"Carroll Shelby","American",1958,1959,"9","0","0.00","1","0"
551,"Maria de Filippis","Italian",1958,1959,"5","0","0.00","1","0"
532,"Eddie Russo","American",1955,1960,"4","0","0.00","1","0"
457,"Ben Pon","Dutch",1962,1962,"1","0","0.00","0","0"
85,"Andrea Montermini","Italian",1994,1996,"28","0","0.00","2","0"
592,"Jimmy Reece","American",1952,1958,"6","0","0.00","1","0"
281,"Jac Nelleman","Danish",1976,1976,"1","0","0.00","0","0"
687,"Peter Whitehead","British",1950,1954,"12","0","0.00","2","0"
553,"André Testut","Monegasque",1958,1959,"2","0","0.00","0","0"
259,"David Purley","British",1973,1977,"11","0","0.00","3","0"
519,"Bill Homeier","American",1954,1960,"3","0","0.00","1","0"
302,"Jim Crawford","British",1975,1975,"2","0","0.00","1","0"
409,"Trevor Blokdyk","South African",1963,1965,"2","0","0.00","1","0"
840,"Lance Stroll","Canadian",2017,2024,"168","0","0.00","101","1"
288,"Mark Donohue","American",1971,1975,"15","0","0.00","3","0"
622,"Chico Landi","Brazilian",1951,1956,"6","0","0.00","0","0"
521,"Chuck Stevenson","American",1951,1960,"7","0","0.00","3","0"
324,"Helmuth Koinigg","Austrian",1974,1974,"3","0","0.00","1","0"
774,"Eugène Chaboud","French",1950,1951,"3","0","0.00","0","0"
398,"Vic Wilson","British",1960,1966,"2","0","0.00","0","0"
249,"Bobby Rahal","American",1978,1978,"2","0","0.00","1","0"
635,"Colin Chapman","British",1956,1956,"1","0","0.00","0","0"
388,"Chris Irwin","British",1966,1967,"10","0","0.00","0","0"
165,"Oscar Larrauri","Argentine",1988,1989,"21","0","0.00","2","0"
151,"Martin Donnelly","British",1989,1990,"15","0","0.00","3","0"
820,"Max Chilton","British",2013,2014,"35","0","0.00","32","0"
639,"André Milhoux","Belgian",1956,1956,"1","0","0.00","0","0"
296,"François Migault","French",1972,1975,"15","0","0.00","4","0"
209,"Geoff Lees","British",1978,1982,"12","0","0.00","2","0"
74,"Esteban Tuero","Argentine",1998,1998,"16","0","0.00","3","0"
620,"Umberto Maglioli","Italian",1953,1957,"10","0","0.00","2","0"
138,"Satoru Nakajima","Japanese",1987,1991,"80","0","0.00","12","0"
34,"Yuji Ide","Japanese",2006,2006,"4","0","0.00","1","0"
418,"Masten Gregory","American",1957,1965,"46","0","0.00","12","0"
245,"Tony Trimmer","British",1975,1978,"6","0","0.00","0","0"
205,"Brian Henton","British",1975,1982,"37","0","0.00","5","0"
761,"Alberto Crespo","Argentine",1952,1952,"1","0","0.00","0","0"
67,"Sébastien Buemi","Swiss",2009,2011,"55","0","0.00","30","0"
407,"David Prophet","British",1963,1965,"2","0","0.00","1","0"
325,"Carlo Facetti","Italian",1974,1974,"1","0","0.00","0","0"
90,"Roberto Moreno","Brazilian",1982,1995,"74","0","0.00","9","0"
673,"Mike Nazaruk","American",1951,1954,"3","0","0.00","1","0"
443,"Ernesto Brambilla","Italian",1963,1963,"1","0","0.00","0","0"
387,"Mike Parkes","British",1959,1967,"7","0","0.00","2","1"
783,"Georges Grignard","French",1951,1951,"1","0","0.00","0","0"
484,"Brian Naylor","British",1957,1961,"9","0","0.00","2","0"
334,"Jackie Pretorius","South African",1965,1973,"4","0","0.00","0","0"
558,"Al Keller","American",1955,1959,"5","0","0.00","2","0"
144,"Naoki Hattori","Japanese",1991,1991,"2","0","0.00","0","0"
540,"Mike Taylor","British",1959,1960,"2","0","0.00","0","0"
39,"Narain Karthikeyan","Indian",2005,2012,"48","0","0.00","32","0"
168,"Jean-Louis Schlesser","French",1983,1988,"2","0","0.00","1","0"
690,"Rodney Nuckey","British",1953,1954,"2","0","0.00","1","0"
598,"Jerry Unser","American",1958,1958,"1","0","0.00","0","0"
471,"Bruce Johnstone","South African",1962,1962,"1","0","0.00","0","0"
393,"Tom Jones","American",1967,1967,"1","0","0.00","0","0"
287,"Masahiro Hasemi","Japanese",1976,1976,"1","0","0.00","1","0"
524,"Jim Hurtubise","American",1960,1960,"1","0","0.00","1","0"
464,"Tony Shelly","New Zealander",1962,1962,"3","0","0.00","0","0"
312,"Brian Redman","British",1968,1974,"13","0","0.00","2","0"
167,"Adrián Campos","Spanish",1987,1988,"21","0","0.00","2","0"
862,"Jack Doohan","Australian",2024,2024,"1","0","0.00","1","0"
277,"Michel Leclère","French",1975,1976,"8","0","0.00","5","0"
290,"Wilson Fittipaldi","Brazilian",1972,1975,"38","0","0.00","11","0"
494,"Lloyd Ruby","American",1960,1961,"2","0","0.00","0","0"
469,"Rob Schroeder","British",1962,1962,"1","0","0.00","1","0"
683,"Leslie Thorne","British",1954,1954,"1","0","0.00","1","0"
300,"John Nicholson","New Zealander",1974,1975,"2","0","0.00","1","0"
118,"Derek Warwick","British",1981,1993,"162","0","0.00","25","0"
793,"Raymond Sommer","French",1950,1950,"5","0","0.00","0","0"
662,"Mike Sparken","French",1955,1955,"1","0","0.00","0","0"
608,"Eugenio Castellotti","Italian",1955,1957,"17","0","0.00","4","3"
317,"Reine Wisell","Swedish",1970,1974,"23","0","0.00","3","0"
284,"Alessandro Pesenti-Rossi","Italian",1976,1976,"4","0","0.00","3","0"
342,"Skip Barber","American",1971,1972,"6","0","0.00","1","0"
702,"Bob Scott","American",1952,1954,"5","0","0.00","2","0"
488,"Peter Monteverdi","Swiss",1961,1961,"1","0","0.00","0","0"
126,"Toshio Suzuki","Japanese",1993,1993,"2","0","0.00","2","0"
194,"Eliseo Salazar","Chilean",1981,1983,"37","0","0.00","4","0"
463,"Jay Chamberlain","American",1962,1962,"3","0","0.00","1","0"
99,"Gabriele Tarquini","Italian",1987,1995,"78","0","0.00","8","0"
629,"Cliff Griffith","American",1951,1956,"3","0","0.00","1","0"
367,"Peter Westbury","British",1970,1970,"1","0","0.00","0","0"
726,"George Connor","American",1950,1952,"3","0","0.00","0","0"
374,"Mike Spence","British",1963,1968,"36","0","0.00","3","1"
588,"Luigi Taramazzo","Italian",1958,1958,"1","0","0.00","0","0"
41,"Ricardo Zonta","Brazilian",1999,2005,"38","0","0.00","9","0"
439,"Nasif Estéfano","Argentine",1960,1963,"5","0","0.00","1","0"
206,"Derek Daly","Irish",1978,1982,"64","0","0.00","9","0"
46,"Gianmaria Bruni","Italian",2004,2004,"18","0","0.00","9","0"
719,"Albert Scherrer","Swiss",1953,1953,"1","0","0.00","0","0"
586,"Luigi Piotti","Italian",1955,1958,"9","0","0.00","1","0"
572,"Harry Blanchard","American",1959,1959,"1","0","0.00","0","0"
53,"Nicolas Kiesa","Danish",2003,2003,"5","0","0.00","5","0"
32,"Christian Klien","Austrian",2004,2010,"51","0","0.00","22","0"
756,"Paul Pietsch","German",1950,1952,"3","0","0.00","0","0"
336,"Graham McRae","New Zealander",1973,1973,"1","0","0.00","0","0"
318,"Bertil Roos","Swedish",1974,1974,"1","0","0.00","0","0"
275,"Lella Lombardi","Italian",1974,1976,"17","0","0.00","5","0"
247,"Michael Bleekemolen","Dutch",1977,1978,"5","0","0.00","0","0"
260,"Conny Andersson","Swedish",1976,1977,"5","0","0.00","0","0"
423,"Gerhard Mitter","German",1963,1965,"5","0","0.00","0","0"
136,"Jan Lammers","Dutch",1979,1992,"41","0","0.00","11","0"
442,"Kurt Kuhnke","German",1962,1963,"2","0","0.00","0","0"
354,"Chris Craft","British",1971,1971,"2","0","0.00","0","0"
139,"Emanuele Pirro","Italian",1989,1991,"40","0","0.00","10","0"
12,"Nelson Piquet Jr.","Brazilian",2008,2009,"28","0","0.00","13","0"
293,"Dave Charlton","South African",1965,1975,"13","0","0.00","3","0"
411,"Doug Serrurier","South African",1962,1965,"3","0","0.00","1","0"
425,"Nino Vaccarella","Italian",1961,1965,"5","0","0.00","2","0"
672,"Jorge Daponte","Argentine",1954,1954,"2","0","0.00","1","0"
495,"Ken Miles","British",1961,1961,"1","0","0.00","0","0"
154,"Romain Grosjean","French",2009,2020,"181","0","0.00","94","0"
825,"Kevin Magnussen","Danish",2014,2024,"186","0","0.00","121","0"
234,"Gianfranco Brancatelli","Italian",1979,1979,"3","0","0.00","0","0"
316,"Leo Kinnunen","Finnish",1974,1974,"6","0","0.00","0","0"
731,"Henry Banks","American",1950,1952,"3","0","0.00","1","0"
474,"Syd van der Vyver","South African",1962,1962,"1","0","0.00","0","0"
256,"Larry Perkins","Australian",1974,1977,"15","0","0.00","4","0"
654,"Walt Faulkner","American",1950,1955,"5","0","0.00","2","1"
332,"George Follmer","American",1973,1973,"12","0","0.00","6","0"
748,"Eitel Cantoni","Uruguayan",1952,1952,"3","0","0.00","1","0"
675,"Manny Ayulo","American",1951,1954,"4","0","0.00","4","0"
33,"Tiago Monteiro","Portuguese",2005,2006,"37","0","0.00","27","0"
696,"John Barber","British",1953,1953,"1","0","0.00","0","0"
422,"Brian Gubby","British",1965,1965,"1","0","0.00","0","0"
549,"Ivor Bueb","British",1957,1959,"6","0","0.00","2","0"
264,"Andy Sutcliffe","British",1977,1977,"1","0","0.00","0","0"
185,"Stefan Bellof","German",1984,1985,"22","0","0.00","3","0"
653,"Jimmy Davies","American",1950,1955,"6","0","0.00","4","0"
380,"Frank Gardner","Australian",1964,1968,"9","0","0.00","2","0"
215,"Miguel Ángel Guerra","Argentine",1981,1981,"4","0","0.00","0","0"
130,"Andrea Chiesa","Swiss",1992,1992,"10","0","0.00","0","0"
270,"Ian Ashley","British",1974,1977,"11","0","0.00","2","0"
612,"Andy Linden","American",1951,1957,"11","0","0.00","2","0"
486,"Jack Fairman","British",1953,1961,"13","0","0.00","0","0"
435,"Willy Mairesse","Belgian",1960,1963,"12","0","0.00","1","0"
625,"Élie Bayol","French",1952,1956,"7","0","0.00","0","0"
384,"Luki Botha","South African",1967,1967,"1","0","0.00","0","0"
617,"Mike MacDowel","British",1957,1957,"1","0","0.00","0","0"
351,"Silvio Moser","Swiss",1967,1971,"18","0","0.00","1","0"
116,"Franck Lagorce","French",1994,1994,"2","0","0.00","1","0"
765,"Henri Louveau","French",1950,1951,"2","0","0.00","0","0"
732,"Johnny McDowell","American",1950,1952,"3","0","0.00","2","0"
552,"Jean Lucienbonnet","French",1959,1959,"1","0","0.00","0","0"
837,"Rio Haryanto","Indonesian",2016,2016,"12","0","0.00","9","0"
819,"Charles Pic","French",2012,2013,"39","0","0.00","30","0"
314,"Tim Schenken","Australian",1970,1974,"36","0","0.00","11","0"
826,"Daniil Kvyat","Russian",2014,2020,"112","0","0.00","63","0"
431,"Edgar Barth","German",1953,1964,"7","0","0.00","1","0"
426,"Giorgio Bassi","Italian",1965,1965,"1","0","0.00","0","0"
433,"Walt Hansgen","American",1961,1964,"4","0","0.00","0","0"
491,"Alfonso Thiele","American-Italian",1960,1961,"2","0","0.00","0","0"
462,"Colin Davis","British",1959,1962,"3","0","0.00","1","0"
734,"Bobby Ball","American",1951,1952,"2","0","0.00","0","0"
299,"Hiroshi Fushida","Japanese",1975,1975,"2","0","0.00","0","0"
169,"Pascal Fabre","French",1987,1987,"12","0","0.00","6","0"
855,"Guanyu Zhou","Chinese",2022,2024,"68","0","0.00","53","0"
605,"Tom Bridger","British",1958,1958,"1","0","0.00","0","0"
92,"Bertrand Gachot","Belgian",1989,1995,"84","0","0.00","8","0"
541,"Ron Flockhart","British",1954,1960,"15","0","0.00","2","0"
436,"John Campbell-Jones","British",1961,1963,"5","0","0.00","2","0"
180,"Allen Berg","Canadian",1986,1986,"9","0","0.00","3","0"
660,"Johnny Claes","Belgian",1950,1955,"25","0","0.00","9","0"
437,"Ian Burgess","British",1958,1963,"26","0","0.00","7","0"
236,"Patrick Gaillard","French",1979,1979,"5","0","0.00","1","0"
626,"Robert Manzon","French",1950,1956,"29","0","0.00","3","0"
263,"Mikko Kozarowitzky","Finnish",1977,1977,"2","0","0.00","0","0"
836,"Pascal Wehrlein","German",2016,2017,"39","0","0.00","30","0"
197,"Jean-Pierre Jarier","French",1971,1983,"143","0","0.00","30","3"
135,"Perry McCarthy","British",1992,1992,"7","0","0.00","0","0"
784,"David Hampshire","British",1950,1950,"2","0","0.00","0","0"
493,"Peter Ryan","Canadian",1961,1961,"1","0","0.00","0","0"
711,"Oswald Karch","German",1953,1953,"1","0","0.00","0","0"
707,"Ian Stewart","British",1953,1953,"1","0","0.00","0","0"
665,"Leslie Marr","British",1954,1955,"2","0","0.00","1","0"
470,"Timmy Mayer","American",1962,1962,"1","0","0.00","0","0"
454,"Ricardo Rodríguez","Mexican",1961,1962,"6","0","0.00","1","0"
780,"Toni Branca","Swiss",1950,1951,"3","0","0.00","2","0"
759,"Jan Flinterman","Dutch",1952,1952,"2","0","0.00","0","0"
768,"Mauri Rose","American",1950,1951,"2","0","0.00","1","0"
482,"Olivier Gendebien","Belgian",1956,1961,"17","0","0.00","4","0"
227,"Tiff Needell","British",1980,1980,"2","0","0.00","0","0"
838,"Stoffel Vandoorne","Belgian",2016,2018,"42","0","0.00","28","0"
500,"Gino Munaron","Italian",1960,1960,"4","0","0.00","2","0"
478,"Hans Herrmann","German",1953,1961,"20","0","0.00","3","0"
149,"Claudio Langes","Italian",1990,1990,"14","0","0.00","0","0"
311,"Tom Belsø","Danish",1974,1974,"4","0","0.00","0","0"
73,"Ricardo Rosset","Brazilian",1996,1998,"30","0","0.00","8","0"
505,"Chris Bristow","British",1959,1960,"4","0","0.00","1","0"
103,"Éric Bernard","French",1989,1994,"47","0","0.00","11","0"
280,"Henri Pescarolo","French",1968,1976,"59","0","0.00","15","0"
239,"Brett Lunger","American",1975,1978,"42","0","0.00","19","0"
121,"Michael Andretti","American",1993,1993,"13","0","0.00","2","0"
88,"Aguri Suzuki","Japanese",1988,1995,"88","0","0.00","12","0"
420,"Ian Raby","British",1963,1965,"7","0","0.00","1","0"
188,"Johnny Cecotto","Venezuelan",1983,1984,"23","0","0.00","5","0"
461,"Heinz Schiller","Swiss",1962,1962,"2","0","0.00","0","0"
561,"Ray Crawford","American",1955,1959,"3","0","0.00","0","0"
240,"Danny Ongais","American",1977,1978,"6","0","0.00","0","0"
717,"Hans von Stuck","German",1952,1953,"4","0","0.00","1","0"
634,"Piero Scotti","Italian",1956,1956,"1","0","0.00","0","0"
845,"Sergey Sirotkin","Russian",2018,2018,"21","0","0.00","18","0"
755,"Rudolf Schoeller","Swiss",1952,1952,"1","0","0.00","0","0"
650,"Jacques Pollet","French",1954,1955,"5","0","0.00","1","0"
196,"Raul Boesel","Brazilian",1982,1983,"30","0","0.00","6","0"
291,"Guy Tunmer","South African",1975,1975,"1","0","0.00","1","0"
703,"Arthur Legat","Belgian",1952,1953,"2","0","0.00","1","0"
226,"Stephen South","British",1980,1980,"1","0","0.00","0","0"
210,"Tommy Byrne","Irish",1982,1982,"5","0","0.00","0","0"
843,"Brendon Hartley","New Zealander",2017,2018,"25","0","0.00","16","0"
710,"Rudolf Krause","East German",1952,1953,"2","0","0.00","1","0"
48,"Marc Gené","Spanish",1999,2004,"36","0","0.00","13","0"
447,"Gaetano Starrabba","Italian",1961,1963,"2","0","0.00","0","0"
859,"Liam Lawson","New Zealander",2023,2024,"11","0","0.00","8","0"
767,"Carl Forberg","American",1951,1951,"1","0","0.00","0","0"
298,"Gijs van Lennep","Dutch",1971,1975,"9","0","0.00","3","0"
81,"Gianni Morbidelli","Italian",1990,1997,"70","0","0.00","19","0"
61,"Tomáš Enge","Czech",2001,2001,"3","0","0.00","2","0"
244,"Alberto Colombo","Italian",1978,1978,"3","0","0.00","0","0"
602,"Robert La Caze","French",1958,1958,"1","0","0.00","1","0"
691,"Hermann Lang","German",1953,1954,"2","0","0.00","0","0"
468,"Roger Penske","American",1961,1962,"2","0","0.00","0","0"
697,"Felice Bonetto","Italian",1950,1953,"17","0","0.00","2","1"
721,"Peter Hirt","Swiss",1951,1953,"5","0","0.00","1","0"
800,"Nello Pagani","Italian",1950,1950,"1","0","0.00","0","0"
251,"Ian Scheckter","South African",1974,1977,"20","0","0.00","4","0"
204,"Riccardo Paletti","Italian",1982,1982,"8","0","0.00","0","0"
705,"Tony Crook","British",1952,1953,"2","0","0.00","1","0"
104,"Christian Fittipaldi","Brazilian",1992,1994,"43","0","0.00","8","0"
171,"Franco Forini","Swiss",1987,1987,"2","0","0.00","0","0"
456,"Roy Salvadori","British",1952,1962,"51","0","0.00","5","0"
796,"Walt Ader","American",1950,1950,"1","0","0.00","1","0"
397,"Peter Arundell","British",1962,1966,"15","0","0.00","2","0"
531,"Anthony Foyt","American",1958,1960,"3","0","0.00","2","0"
604,"François Picard","French",1958,1958,"1","0","0.00","0","0"
283,"Mike Wilds","British",1974,1976,"8","0","0.00","0","0"
807,"Nico Hülkenberg","German",2010,2024,"230","0","0.00","99","1"
624,"Hernando da Silva Ramos","Brazilian",1955,1956,"8","0","0.00","0","0"
546,"Arthur Owen","British",1960,1960,"1","0","0.00","0","0"
179,"Huub Rothengatter","Dutch",1984,1986,"28","0","0.00","1","0"
562,"Jack Turner","American",1956,1959,"4","0","0.00","1","0"
686,"Reg Parnell","British",1950,1954,"7","0","0.00","1","0"
636,"Desmond Titterington","British",1956,1956,"1","0","0.00","0","0"
297,"Torsten Palm","Swedish",1975,1975,"2","0","0.00","1","0"
681,"Georges Berger","Belgian",1953,1954,"2","0","0.00","0","0"
361,"Piers Courage","British",1967,1970,"29","0","0.00","3","0"
321,"Derek Bell","British",1968,1974,"14","0","0.00","1","0"
303,"Jo Vonlanthen","Swiss",1975,1975,"1","0","0.00","0","0"
829,"Will Stevens","British",2014,2015,"19","0","0.00","16","0"
402,"Giacomo Russo","Italian",1964,1966,"3","0","0.00","0","0"
785,"Geoff Crossley","British",1950,1950,"2","0","0.00","0","0"
804,"Johnny Mantz","American",1953,1953,"1","0","0.00","1","0"
643,"Roberto Mieres","Argentine",1953,1955,"17","0","0.00","0","0"
472,"Mike Harris","South African",1962,1962,"1","0","0.00","0","0"
444,"Roberto Lippi","Italian",1961,1963,"3","0","0.00","0","0"
537,"Dick Rathmann","American",1950,1960,"5","0","0.00","0","1"
445,"Günther Seiffert","German",1962,1963,"2","0","0.00","0","0"
233,"Hans-Joachim Stuck","German",1974,1979,"81","0","0.00","10","0"
93,"Domenico Schiattarella","Italian",1994,1995,"7","0","0.00","2","0"
89,"Taki Inoue","Japanese",1994,1995,"18","0","0.00","3","0"
252,"Tom Pryce","British",1974,1977,"42","0","0.00","6","1"
343,"Bill Brack","Canadian",1968,1972,"3","0","0.00","0","0"
776,"Joe Kelly","Irish",1950,1951,"2","0","0.00","0","0"
467,"Ernesto Prinoth","Italian",1961,1962,"2","0","0.00","0","0"
723,"Rudi Fischer","Swiss",1951,1952,"7","0","0.00","5","0"
253,"Ingo Hoffmann","Brazilian",1976,1977,"6","0","0.00","1","0"
692,"Theo Helfrich","German",1952,1954,"3","0","0.00","1","0"
497,"Alberto Rodriguez Larreta","Argentine",1960,1960,"1","0","0.00","0","0"
109,"Jyrki Järvilehto","Finnish",1989,1994,"70","0","0.00","10","0"
155,"Kamui Kobayashi","Japanese",2009,2014,"76","0","0.00","34","0"
722,"Piero Carini","Italian",1952,1953,"3","0","0.00","0","0"
133,"Alex Caffi","Italian",1986,1991,"75","0","0.00","11","0"
609,"André Simon","French",1951,1957,"12","0","0.00","1","0"
724,"Toni Ulmen","German",1952,1952,"2","0","0.00","0","0"
416,"David Clapham","South African",1965,1965,"1","0","0.00","0","0"
195,"Roberto Guerrero","Colombian",1982,1983,"29","0","0.00","4","0"
372,"John Cordts","Canadian",1969,1969,"1","0","0.00","0","0"
369,"Basil van Rooyen","South African",1968,1969,"2","0","0.00","0","0"
441,"Tim Parnell","British",1959,1963,"4","0","0.00","1","0"
339,"Alex Soler-Roig","Spanish",1970,1972,"9","0","0.00","0","0"
600,"Christian Goethals","Belgian",1958,1958,"1","0","0.00","0","0"
243,"Rolf Stommelen","German",1970,1978,"61","0","0.00","23","0"
772,"Mack Hellings","American",1950,1951,"2","0","0.00","1","0"
335,"Roger Williamson","British",1973,1973,"2","0","0.00","0","0"
740,"Franco Comotti","Italian",1950,1952,"2","0","0.00","1","0"
603,"André Guelfi","French",1958,1958,"1","0","0.00","1","0"
591,"George Amick","American",1958,1958,"1","0","0.00","1","0"
808,"Vitaly Petrov","Russian",2010,2012,"58","0","0.00","38","0"
383,"Bob Anderson","British",1963,1967,"26","0","0.00","5","0"
856,"Nyck de Vries","Dutch",2022,2023,"11","0","0.00","9","0"
301,"Dave Morgan","British",1975,1975,"1","0","0.00","1","0"
7,"Sébastien Bourdais","French",2008,2009,"27","0","0.00","16","0"
757,"Josef Peters","German",1952,1952,"1","0","0.00","0","0"
771,"Walt Brown","American",1950,1951,"2","0","0.00","1","0"
827,"André Lotterer","German",2014,2014,"1","0","0.00","0","0"
503,"Ettore Chimeri","Venezuelan",1960,1960,"1","0","0.00","0","0"
254,"Renzo Zorzi","Italian",1975,1977,"7","0","0.00","1","0"
377,"Jo Schlesser","French",1967,1968,"2","0","0.00","0","0"
78,"Nicola Larini","Italian",1987,1997,"75","0","0.00","20","0"
573,"Alessandro de Tomaso","Argentine-Italian",1957,1959,"2","0","0.00","0","0"
159,"Luis Pérez-Sala","Spanish",1988,1989,"32","0","0.00","8","0"
852,"Yuki Tsunoda","Japanese",2021,2024,"90","0","0.00","58","0"
432,"Mário de Araújo Cabral","Portuguese",1959,1964,"5","0","0.00","1","0"
619,"Bob Gerard","British",1950,1957,"7","0","0.00","4","0"
621,"Paul England","Australian",1957,1957,"1","0","0.00","0","0"
319,"José Dolhem","French",1974,1974,"3","0","0.00","0","0"
76,"Jan Magnussen","Danish",1995,1998,"25","0","0.00","6","0"
517,"Red Amick","American",1959,1960,"2","0","0.00","1","0"
106,"Olivier Beretta","Monegasque",1994,1994,"10","0","0.00","1","0"
129,"Olivier Grouillard","French",1989,1992,"62","0","0.00","9","0"
795,"Myron Fohr","American",1950,1950,"1","0","0.00","1","0"
585,"Paul Emery","British",1956,1958,"2","0","0.00","0","0"
789,"Eugène Martin","French",1950,1950,"2","0","0.00","0","0"
708,"Duncan Hamilton","British",1951,1953,"5","0","0.00","1","0"
455,"Wolfgang Seidel","German",1953,1962,"13","0","0.00","2","0"
370,"Richard Attwood","British",1964,1969,"17","0","0.00","7","0"
684,"Bill Whitehouse","British",1954,1954,"1","0","0.00","0","0"
267,"Vern Schuppan","Australian",1974,1977,"12","0","0.00","3","0"
68,"Toranosuke Takagi","Japanese",1998,1999,"32","0","0.00","8","0"
713,"Theo Fitzau","East German",1953,1953,"1","0","0.00","0","0"
773,"Pierre Levegh","French",1950,1951,"6","0","0.00","0","0"
448,"Peter Broeker","Canadian",1963,1963,"1","0","0.00","0","0"
146,"Bernd Schneider","German",1988,1990,"32","0","0.00","3","0"
80,"Vincenzo Sospiri","Italian",1997,1997,"1","0","0.00","0","0"
396,"Bob Bondurant","American",1965,1966,"9","0","0.00","0","0"
861,"Franco Colapinto","Argentinian ",2024,2024,"9","0","0.00","5","0"
701,"Bill Holland","American",1950,1953,"2","0","0.00","2","0"
511,"Don Branson","American",1959,1960,"2","0","0.00","0","0"
162,"Pierre-Henri Raphanel","French",1988,1989,"17","0","0.00","0","0"
132,"Giovanna Amati","Italian",1992,1992,"3","0","0.00","0","0"
738,"Tony Gaze","Australian",1952,1952,"4","0","0.00","1","0"
797,"Jackie Holmes","American",1950,1953,"2","0","0.00","1","0"
514,"Bob Veith","American",1956,1960,"5","0","0.00","1","0"
322,"David Hobbs","British",1967,1974,"7","0","0.00","2","0"
582,"Ken Kavanagh","Australian",1958,1958,"1","0","0.00","0","0"
854,"Mick Schumacher","German",2021,2022,"44","0","0.00","36","0"
389,"Guy Ligier","French",1966,1967,"13","0","0.00","4","0"
330,"Nanni Galli","Italian",1970,1973,"17","0","0.00","6","0"
751,"Fritz Riess","German",1952,1952,"1","0","0.00","0","0"
237,"Alex Ribeiro","Brazilian",1976,1979,"20","0","0.00","4","0"
451,"Frank Dochnal","American",1963,1963,"1","0","0.00","0","0"
262,"Jackie Oliver","British",1967,1977,"51","0","0.00","6","0"
323,"Dieter Quester","Austrian",1974,1974,"1","0","0.00","0","0"
348,"François Mazet","French",1971,1971,"1","0","0.00","1","0"
337,"Helmut Marko","Austrian",1971,1972,"9","0","0.00","6","0"
114,"Yannick Dalmas","French",1987,1994,"50","0","0.00","8","0"
504,"Antonio Creus","Spanish",1960,1960,"1","0","0.00","0","0"
60,"Gastón Mazzacane","Argentine",2000,2001,"21","0","0.00","12","0"
399,"John Taylor","British",1964,1966,"5","0","0.00","1","0"
112,"Philippe Alliot","French",1984,1994,"115","0","0.00","25","0"
560,"Bill Cheesbourg","American",1957,1959,"3","0","0.00","1","0"
547,"Horace Gould","British",1954,1960,"18","0","0.00","2","0"
818,"Jean-Éric Vergne","French",2012,2014,"58","0","0.00","34","0"
754,"Marcel Balsa","French",1952,1952,"1","0","0.00","0","0"
613,"Marshall Teague","American",1953,1957,"4","0","0.00","1","0"
518,"Duane Carter","American",1950,1960,"10","0","0.00","5","0"
268,"Hans Heyer","German",1977,1977,"1","0","0.00","0","0"
737,"Robert O'Brien","American",1952,1952,"1","0","0.00","1","0"
583,"Gerino Gerini","Italian",1956,1958,"7","0","0.00","2","0"
569,"Peter Ashdown","British",1959,1959,"1","0","0.00","1","0"
124,"Marco Apicella","Italian",1993,1993,"1","0","0.00","0","0"
615,"Fred Agabashian","American",1950,1957,"8","0","0.00","1","1"
452,"Thomas Monarch","American",1963,1963,"1","0","0.00","0","0"
798,"Bayliss Levrett","American",1950,1950,"1","0","0.00","0","0"
693,"Fred Wacker","American",1953,1954,"3","0","0.00","0","0"
98,"Jean-Denis Délétraz","Swiss",1994,1995,"3","0","0.00","1","0"
744,"Ken Downing","British",1952,1952,"2","0","0.00","0","0"
715,"Günther Bechem","German",1952,1953,"2","0","0.00","0","0"
527,"Eddie Sachs","American",1957,1960,"4","0","0.00","1","1"
490,"Geoff Duke","British",1961,1961,"1","0","0.00","0","0"
601,"Dick Gibson","British",1957,1958,"2","0","0.00","0","0"
590,"Stuart Lewis-Evans","British",1957,1958,"14","0","0.00","2","2"
82,"Norberto Fontana","Argentine",1997,1997,"4","0","0.00","1","0"
763,"Consalvo Sanesi","Italian",1950,1951,"5","0","0.00","1","0"
627,"Louis Rosier","French",1950,1956,"39","0","0.00","7","0"
286,"Warwick Brown","Australian",1976,1976,"1","0","0.00","1","0"
376,"Lucien Bianchi","Belgian",1959,1968,"19","0","0.00","3","0"
147,"Paolo Barilla","Italian",1989,1990,"15","0","0.00","4","0"
860,"Oliver Bearman","British",2024,2024,"3","0","0.00","2","0"
480,"Michael May","Swiss",1961,1961,"4","0","0.00","1","0"
338,"David Walker","Australian",1971,1972,"11","0","0.00","4","0"
685,"John Riseley-Prichard","British",1954,1954,"1","0","0.00","0","0"
412,"Brausch Niemann","South African",1963,1965,"2","0","0.00","1","0"
610,"Les Leston","British",1956,1957,"3","0","0.00","0","0"
79,"Ukyo Katayama","Japanese",1992,1997,"97","0","0.00","22","0"
26,"Scott Speed","American",2006,2007,"28","0","0.00","15","0"
564,"Jud Larson","American",1958,1959,"2","0","0.00","0","0"
678,"Len Duncan","American",1954,1954,"1","0","0.00","0","0"
535,"Jim McWithey","American",1959,1960,"2","0","0.00","2","0"
72,"Stéphane Sarrazin","French",1999,1999,"1","0","0.00","0","0"
812,"Karun Chandhok","Indian",2010,2011,"11","0","0.00","9","0"
510,"Paul Goldsmith","American",1958,1960,"3","0","0.00","1","0"
232,"Arturo Merzario","Italian",1972,1979,"84","0","0.00","6","0"
725,"George Abecassis","British",1951,1952,"2","0","0.00","0","0"
131,"Stefano Modena","Italian",1987,1992,"81","0","0.00","21","0"
198,"Jacques Villeneuve Sr.","Canadian",1981,1983,"3","0","0.00","0","0"
310,"Paddy Driver","South African",1963,1974,"2","0","0.00","0","0"
212,"Hector Rebaque","Mexican",1977,1981,"58","0","0.00","5","0"
37,"Pedro de la Rosa","Spanish",1999,2012,"107","0","0.00","40","0"
28,"Markus Winkelhock","German",2007,2007,"1","0","0.00","0","0"
584,"Bruce Kessler","American",1958,1958,"1","0","0.00","0","0"
746,"Gino Bianco","Brazilian",1952,1952,"4","0","0.00","1","0"
720,"Max de Terra","Swiss",1952,1953,"2","0","0.00","0","0"
806,"Óscar González","Uruguayan",1956,1956,"1","0","0.00","0","0"
353,"Pete Lovely","American",1959,1971,"11","0","0.00","1","0"
489,"Renato Pirocchi","Italian",1961,1961,"2","0","0.00","1","0"
834,"Alexander Rossi","American",2015,2015,"5","0","0.00","5","0"
831,"Felipe Nasr","Brazilian",2015,2016,"40","0","0.00","27","0"
515,"Bud Tingelstad","American",1960,1960,"1","0","0.00","0","0"
574,"George Constantine","American",1959,1959,"1","0","0.00","0","0"
616,"Elmer George","American",1957,1957,"1","0","0.00","0","0"
225,"Dave Kennedy","Irish",1980,1980,"7","0","0.00","0","0"
706,"Jimmy Stewart","British",1953,1953,"1","0","0.00","0","0"
83,"Pedro Lamy","Portuguese",1993,1996,"32","0","0.00","14","0"
333,"Andrea de Adamich","Italian",1968,1973,"36","0","0.00","6","0"
63,"Mika Salo","Finnish",1994,2002,"111","0","0.00","26","0"
571,"Dennis Taylor","British",1959,1959,"1","0","0.00","0","0"
516,"Bob Christie","American",1956,1960,"5","0","0.00","3","0"
666,"Tony Rolt","British",1950,1955,"3","0","0.00","0","0"
542,"David Piper","British",1959,1960,"3","0","0.00","1","0"
395,"Jonathan Williams","British",1967,1967,"1","0","0.00","0","0"
216,"Siegfried Stohr","Italian",1981,1981,"13","0","0.00","1","0"
174,"Johnny Dumfries","British",1986,1986,"16","0","0.00","0","0"
45,"Giorgio Pantano","Italian",2004,2004,"14","0","0.00","6","0"
295,"Roelof Wunderink","Dutch",1975,1975,"6","0","0.00","0","0"
694,"Giovanni de Riu","Italian",1954,1954,"1","0","0.00","0","0"
213,"Beppe Gabbiani","Italian",1978,1981,"17","0","0.00","0","0"
134,"Enrico Bertaggia","Italian",1989,1989,"6","0","0.00","0","0"
274,"Noritake Takahara","Japanese",1976,1977,"2","0","0.00","0","0"
801,"Charles Pozzi","French",1950,1950,"1","0","0.00","0","0"
833,"Roberto Merhi","Spanish",2015,2015,"13","0","0.00","12","0"
669,"Prince Bira","Thai",1950,1954,"19","0","0.00","3","0"
352,"George Eaton","Canadian",1969,1971,"13","0","0.00","4","0"
36,"Franck Montagny","French",2006,2006,"7","0","0.00","3","0"
848,"Alexander Albon","Thai",2019,2024,"105","0","0.00","57","0"
362,"Peter de Klerk","South African",1963,1970,"4","0","0.00","2","0"
752,"Helmut Niedermayr","German",1952,1952,"1","0","0.00","0","0"
430,"Carel Godin de Beaufort","Dutch",1957,1964,"31","0","0.00","14","0"
688,"Eric Brandon","British",1952,1954,"5","0","0.00","2","0"
158,"Eddie Cheever","American",1978,1989,"143","0","0.00","25","0"
594,"Johnnie Tolan","American",1956,1958,"3","0","0.00","1","0"
460,"Gerry Ashmore","British",1961,1962,"5","0","0.00","1","0"
533,"Johnny Boyd","American",1955,1960,"6","0","0.00","2","0"
499,"Roberto Bonomi","Argentine",1960,1960,"1","0","0.00","1","0"
265,"Guy Edwards","British",1974,1977,"16","0","0.00","6","0"
111,"Jean-Marc Gounon","French",1993,1994,"9","0","0.00","3","0"
851,"Jack Aitken","British",2020,2020,"1","0","0.00","1","0"
459,"Tony Marsh","British",1957,1962,"9","0","0.00","2","0"
16,"Adrian Sutil","German",2007,2014,"128","0","0.00","64","0"
62,"Alex Yoong","Malaysian",2001,2002,"16","0","0.00","5","0"
326,"Eppie Wietzes","Canadian",1967,1974,"2","0","0.00","0","0"
568,"Azdrubal Fontes","Uruguayan",1959,1959,"1","0","0.00","0","0"
371,"Al Pease","Canadian",1967,1969,"2","0","0.00","0","0"
805,"Danny Kladis","American",1954,1954,"1","0","0.00","0","0"
492,"Menato Boffa","Italian",1961,1961,"1","0","0.00","0","0"
655,"Cal Niday","American",1953,1955,"3","0","0.00","1","0"
544,"Piero Drogo","Italian",1960,1960,"1","0","0.00","0","0"
365,"Hubert Hahne","German",1967,1970,"3","0","0.00","1","0"
704,"Yves Cabantous","French",1950,1953,"13","0","0.00","3","0"
157,"Christian Danner","German",1985,1989,"47","0","0.00","4","0"
413,"Ernie Pieterse","South African",1962,1965,"3","0","0.00","1","0"
606,"Alfonso de Portago","Spanish",1956,1957,"6","0","0.00","2","0"
649,"Pablo Birger","Argentine",1953,1955,"2","0","0.00","0","0"
618,"Herbert MacKay-Fraser","American",1957,1957,"1","0","0.00","0","0"
308,"Richard Robarts","British",1974,1974,"4","0","0.00","2","0"
183,"François Hesnault","French",1984,1985,"20","0","0.00","2","0"
100,"Érik Comas","French",1991,1994,"63","0","0.00","14","0"
313,"Rikky von Opel","Liechtensteiner",1973,1974,"13","0","0.00","2","0"
150,"Gary Brabham","Australian",1990,1990,"2","0","0.00","0","0"
656,"Art Cross","American",1952,1955,"4","0","0.00","2","0"
140,"Stefan Johansson","Swedish",1980,1991,"103","0","0.00","20","0"
421,"Alan Rollinson","British",1965,1965,"1","0","0.00","0","0"
248,"Carlo Franchi","Italian",1978,1978,"1","0","0.00","0","0"
208,"Emilio de Villota","Spanish",1976,1982,"14","0","0.00","2","0"
614,"Don Edmunds","American",1957,1957,"1","0","0.00","0","0"
392,"Mike Fisher","American",1967,1967,"2","0","0.00","1","0"
24,"Vitantonio Liuzzi","Italian",2005,2011,"81","0","0.00","45","0"
191,"Mike Thackwell","New Zealander",1980,1984,"5","0","0.00","0","0"
429,"André Pilette","Belgian",1951,1964,"15","0","0.00","2","0"
835,"Jolyon Palmer","British",2016,2017,"37","0","0.00","25","0"
760,"Piero Dusio","Italian",1952,1952,"1","0","0.00","0","0"
25,"Alexander Wurz","Austrian",1997,2007,"69","0","0.00","22","0"
141,"Julian Bailey","British",1988,1991,"20","0","0.00","3","0"
122,"Ivan Capelli","Italian",1985,1993,"98","0","0.00","14","0"
94,"Pierluigi Martini","Italian",1984,1995,"123","0","0.00","22","0"
218,"Ricardo Londoño","Colombian",1981,1981,"1","0","0.00","0","0"
648,"Karl Kling","German",1954,1955,"12","0","0.00","2","0"
570,"Bill Moss","British",1959,1959,"1","0","0.00","0","0"
434,"Hap Sharp","American",1961,1964,"6","0","0.00","3","0"
211,"Rupert Keegan","British",1977,1982,"37","0","0.00","8","0"
671,"Roger Loyer","French",1954,1954,"1","0","0.00","0","0"
580,"Paco Godia","Spanish",1951,1958,"14","0","0.00","1","0"
530,"Wayne Weiler","American",1960,1960,"1","0","0.00","1","0"
536,"Len Sutton","American",1958,1960,"3","0","0.00","0","0"
465,"Keith Greene","British",1959,1962,"7","0","0.00","1","0"
520,"Gene Hartley","American",1950,1960,"9","0","0.00","6","0"
64,"Pedro Diniz","Brazilian",1995,2000,"99","0","0.00","19","0"
742,"Dennis Poore","British",1952,1952,"2","0","0.00","1","0"
148,"Gregor Foitek","Swiss",1989,1990,"22","0","0.00","1","0"
790,"Leslie Johnson","British",1950,1950,"1","0","0.00","0","0"
828,"Marcus Ericsson","Swedish",2014,2018,"97","0","0.00","69","0"
184,"Mauro Baldi","Italian",1982,1985,"41","0","0.00","7","0"
87,"Mark Blundell","British",1991,1995,"63","0","0.00","11","0"
753,"Hans Klenk","German",1952,1952,"1","0","0.00","1","0"
652,"Ted Whiteaway","British",1955,1955,"1","0","0.00","0","0"
477,"Cliff Allison","British",1958,1961,"18","0","0.00","3","0"
273,"Kazuyoshi Hoshino","Japanese",1976,1977,"2","0","0.00","1","0"
550,"Alain de Changy","Belgian",1959,1959,"1","0","0.00","0","0"
51,"Justin Wilson","British",2003,2003,"16","0","0.00","6","0"
272,"Kunimitsu Takahashi","Japanese",1977,1977,"1","0","0.00","0","0"
781,"Ken Richardson","British",1951,1951,"1","0","0.00","0","0"
70,"Alessandro Zanardi","Italian",1991,1999,"44","0","0.00","9","0"
190,"Corrado Fabi","Italian",1983,1984,"18","0","0.00","2","0"
350,"Vic Elford","British",1968,1971,"13","0","0.00","2","0"
758,"Dries van der Lof","Dutch",1952,1952,"1","0","0.00","0","0"
539,"Dempsey Wilson","American",1958,1960,"2","0","0.00","0","0"
858,"Logan Sargeant","American",2023,2024,"36","0","0.00","29","0"
554,"Jean Behra","French",1952,1959,"57","0","0.00","11","0"
278,"Chris Amon","New Zealander",1963,1976,"106","0","0.00","24","5"
424,"Roberto Bussinello","Italian",1961,1965,"4","0","0.00","1","0"
406,"Paul Hawkins","Australian",1965,1965,"3","0","0.00","1","0"
670,"Onofre Marimón","Argentine",1951,1954,"12","0","0.00","2","0"
176,"Marc Surer","Swiss",1979,1986,"88","0","0.00","19","0"
576,"Phil Cade","American",1959,1959,"1","0","0.00","0","0"
849,"Nicholas Latifi","Canadian",2020,2022,"61","0","0.00","48","0"
292,"Eddie Keizan","South African",1973,1975,"3","0","0.00","2","0"
663,"Ken Wharton","British",1952,1955,"16","0","0.00","0","0"
770,"Cecil Green","American",1950,1951,"2","0","0.00","0","0"
271,"Loris Kessel","Swiss",1976,1977,"6","0","0.00","1","0"
156,"Jonathan Palmer","British",1983,1989,"88","0","0.00","22","0"
417,"Alex Blignaut","South African",1965,1965,"1","0","0.00","0","0"
764,"Guy Mairesse","French",1950,1951,"3","0","0.00","1","0"
556,"Jimmy Daywalt","American",1953,1959,"7","0","0.00","1","0"
529,"Tony Bettenhausen","American",1950,1960,"13","0","0.00","4","0"
638,"Ottorino Volonterio","Swiss",1954,1957,"3","0","0.00","1","0"
791,"Clemente Biondetti","Italian",1950,1950,"1","0","0.00","0","0"
775,"Aldo Gordini","French",1951,1951,"1","0","0.00","0","0"
282,"Damien Magee","British",1975,1976,"2","0","0.00","1","0"
390,"Alan Rees","British",1967,1967,"2","0","0.00","0","0"
733,"Chet Miller","American",1951,1952,"2","0","0.00","0","0"
269,"Teddy Pilette","Belgian",1974,1977,"4","0","0.00","1","0"
261,"Bernard de Dryver","Belgian",1977,1977,"1","0","0.00","0","0"
502,"Alan Stacey","British",1958,1960,"7","0","0.00","0","0"
42,"Antônio Pizzonia","Brazilian",2003,2005,"20","0","0.00","6","0"
189,"Jo Gartner","Austrian",1984,1984,"8","0","0.00","2","0"
161,"Volker Weidler","German",1989,1989,"10","0","0.00","0","0"
257,"Boy Lunger","Dutch",1976,1977,"7","0","0.00","0","0"
125,"Emanuele Naspetti","Italian",1992,1993,"6","0","0.00","3","0"
113,"Philippe Adams","Belgian",1994,1994,"2","0","0.00","1","0"
40,"Patrick Friesacher","Austrian",2005,2005,"11","0","0.00","4","0"
700,"Carl Scarborough","American",1951,1953,"2","0","0.00","1","0"
43,"Cristiano da Matta","Brazilian",2003,2004,"28","0","0.00","12","0"
632,"Paul Frère","Belgian",1952,1956,"11","0","0.00","2","0"
658,"Jack McGrath","American",1950,1955,"6","0","0.00","4","1"
587,"Bernie Ecclestone","British",1958,1958,"1","0","0.00","0","0"
120,"Fabrizio Barbazza","Italian",1991,1993,"20","0","0.00","1","0"
802,"Dorino Serafini","Italian",1950,1950,"1","0","0.00","1","0"
695,"Oscar Gálvez","Argentine",1953,1953,"1","0","0.00","0","0"
440,"Jim Hall","American",1960,1963,"12","0","0.00","2","0"
794,"Joie Chitwood","American",1950,1950,"1","0","0.00","0","0"
349,"Max Jean","French",1971,1971,"1","0","0.00","0","0"
19,"Anthony Davidson","British",2002,2008,"24","0","0.00","14","0"
160,"Piercarlo Ghinzani","Italian",1981,1989,"111","0","0.00","12","0"
728,"Joe James","American",1951,1952,"2","0","0.00","1","0"
644,"Sergio Mantovani","Italian",1953,1955,"9","0","0.00","0","0"
824,"Jules Bianchi","French",2013,2014,"34","0","0.00","27","0"
506,"Bruce Halford","British",1956,1960,"9","0","0.00","1","0"
508,"Lance Reventlow","American",1960,1960,"4","0","0.00","0","0"
357,"John Miles","British",1969,1970,"15","0","0.00","1","0"
242,"Divina Galica","British",1976,1978,"3","0","0.00","0","0"
331,"Luiz Bueno","Brazilian",1973,1973,"1","0","0.00","1","0"
769,"Bill Mackey","American",1951,1951,"1","0","0.00","0","0"
599,"Art Bisch","American",1958,1958,"1","0","0.00","0","0"
677,"Travis Webb","American",1950,1954,"4","0","0.00","1","0"
266,"Brian McGuire","Australian",1977,1977,"1","0","0.00","0","0"
315,"Gérard Larrousse","French",1974,1974,"2","0","0.00","0","0"
366,"Gus Hutchison","American",1970,1970,"1","0","0.00","0","0"
307,"Howden Ganley","New Zealander",1971,1974,"39","0","0.00","8","0"
841,"Antonio Giovinazzi","Italian",2017,2021,"62","0","0.00","52","0"
91,"Karl Wendlinger","Austrian",1991,1995,"42","0","0.00","9","0"
803,"Bill Cantrell","American",1950,1950,"1","0","0.00","0","0"
305,"Mike Hailwood","British",1963,1974,"51","0","0.00","9","0"
54,"Luciano Burti","Brazilian",2000,2001,"15","0","0.00","7","0"
29,"Sakon Yamamoto","Japanese",2006,2010,"21","0","0.00","14","0"
698,"Adolfo Cruz","Argentine",1953,1953,"1","0","0.00","0","0"
181,"Manfred Winkelhock","German",1980,1985,"55","0","0.00","8","0"
96,"Jean-Christophe Boullion","French",1995,1995,"11","0","0.00","3","0"
743,"Eric Thompson","British",1952,1952,"1","0","0.00","0","0"
466,"Heini Walter","Swiss",1962,1962,"1","0","0.00","1","0"
201,"Slim Borgudd","Swedish",1981,1982,"15","0","0.00","4","0"
10,"Timo Glock","German",2004,2012,"95","0","0.00","59","0"
631,"Keith Andrews","American",1955,1956,"2","0","0.00","0","0"
107,"Roland Ratzenberger","Austrian",1994,1994,"3","0","0.00","1","0"
6,"Kazuki Nakajima","Japanese",2007,2009,"36","0","0.00","23","0"
446,"Carlo Abate","Italian",1962,1963,"2","0","0.00","0","0"
749,"Bill Aston","British",1952,1952,"3","0","0.00","0","0"
220,"Giorgio Francia","Italian",1977,1981,"2","0","0.00","0","0"
86,"Giovanni Lavaggi","Italian",1995,1996,"10","0","0.00","2","0"
823,"Giedo van der Garde","Dutch",2013,2013,"19","0","0.00","16","0"
400,"Chris Lawrence","British",1966,1966,"2","0","0.00","1","0"
241,"Lamberto Leoni","Italian",1977,1978,"5","0","0.00","0","0"
363,"Ignazio Giunti","Italian",1970,1970,"4","0","0.00","1","0"
596,"Ed Elisian","American",1954,1958,"5","0","0.00","1","0"
285,"Otto Stuppacher","Austrian",1976,1976,"3","0","0.00","0","0"
50,"Jos Verstappen","Dutch",1994,2003,"107","0","0.00","36","0"
66,"Allan McNish","British",2002,2002,"17","0","0.00","4","0"
661,"Peter Walker","British",1950,1955,"4","0","0.00","0","0"
512,"Johnny Thomson","American",1953,1960,"9","0","0.00","2","1"
340,"John Love","Rhodesian",1962,1972,"10","0","0.00","2","0"
523,"Shorty Templeman","American",1955,1960,"3","0","0.00","1","0"
391,"Brian Hart","British",1967,1967,"1","0","0.00","0","0"
487,"Massimo Natili","Italian",1961,1961,"2","0","0.00","0","0"
458,"Rob Slotemaker","Dutch",1962,1962,"1","0","0.00","0","0"
